Headline,Sport
Ex-Bournemouth boss Howe turns down Celtic manager job,football
Wales manager Giggs to stand trial in January,football
Liverpool agree £35m deal for Konate,football
PSG not letting Pochettino go despite Tottenham interest - Balague,football
Man City v Chelsea - all you need to know about all-English Champions League final,football
Brentford and Swansea set for £160m Championship play-off final,football
Alaba joins Real Madrid on free transfer,football
Allegri returns to manage Juventus after Pirlo sacked,football
Why are Europe's top managers on the move?,football
Quiz: Name the clubs yet to make a play-off final,football
Arsenal to face Spurs in Women's FA Cup quarter-finals,football
Inzaghi set to take over as Inter boss,football
'I'm still in shock after my Wembley surprise',football
The making of Thomas Tuchel,football
'We've earned it' - Noel Gallagher on Man City's Champions League chances and Guardiola friendship,football
How tactile Tuchel bonded with players to turn Chelsea’s season around,football
Lawro's predictions - Champions League final special v Noel Gallagher and Dot Major,football
Can you name all 42 Champions League finalists?,football
Picking Olympic GB squad 'the hardest decision I ever made' - Riise,football
Everton's Rodriguez unhappy at Colombia omission,football
"Messi's new Barca deal 'not done yet' but 'things going well', says club chief Laporta",football
'Quite surreal' - Rashford speaks to former US president Obama,football
Man City target record deal for Grealish - Friday's gossip,football
Nike and Neymar split amid sex assault probe,football
"Heaton, Elmohamady & Taylor leave Villa",football
Sheeran explains how he became Ipswich sponsor,football
'Champions League final will be good advert for football',football
Chelsea a 'strong group' ahead of Champions League final- Tuchel,football
Watch five great goals from Team GB's football stars,football
New players? And what about Pogba? The major decisions facing Solskjaer,football
Seven things to expect from new Ronaldo documentary on BBC,football
Why Inter's new direction & Conte were incompatible despite title win,football
The key issues facing England boss Southgate - and pick your final squad,football
All the European qualifiers - plus every promoted and relegated team,football
Transfers - May 2021,football
Manager ins and outs - May 2021,football
Can you recall every relegated Premier League side? Test your memory with our new spoken word quiz,football
Pick your favourite classic Euros kits,football
Only 13 players scored league goals against Rangers this season - can you name them?,football
Can you name every Man City Premier League scorer under Guardiola?,football
Live sport online coverage from the BBC,football
Football Daily podcast: 72+ - the richest games in football,football
"Fantasy 606 podcast: Thank you Chris, thank you Bruce, thank you Dave",football
World Football: Salomon Kalou and the Champions League final,football
Football Daily podcast: Man Utd sunk by the Yellow Submarine,football
That Peter Crouch Podcast: That Shysters Awards Ceremony,football
"Watch Monday Night Club on BBC iPlayer: Liverpool, kit men and Ford Capris",football
How a Man Utd legend left for Dunstable Town,football
'They ridiculed me before the match... we annihilated them',football
The impossible dream?,football
Family tears & PSG pressure - Messi's life-changing choice,football
All the latest from the Premier League,football
Scottish Premiership,football
Championship,football
Women's football,football
Welsh football,football
Irish football,football
European football,football
Live sport online coverage from the BBC,football
Football Daily podcast: 72+ - the richest games in football,football
"Fantasy 606 podcast: Thank you Chris, thank you Bruce, thank you Dave",football
World Football: Salomon Kalou and the Champions League final,football
Football Daily podcast: Man Utd sunk by the Yellow Submarine,football
That Peter Crouch Podcast: That Shysters Awards Ceremony,football
"Watch Monday Night Club on BBC iPlayer: Liverpool, kit men and Ford Capris",football
"'A dizzying intellect and an intimidating, often controversial, man' - Max Mosley obituary",formula1
Former motorsport boss Max Mosley dies at 81,formula1
Leclerc car failure caused by crash in qualifying - Ferrari,formula1
Mercedes could protest over flex-wings in Baku,formula1
Verstappen does his talking on the track as Mercedes and Hamilton look for answers,formula1
Chequered Flag podcast: Monaco GP review,formula1
Verstappen takes title lead from frustrated Hamilton with Monaco win,formula1
Style over substance: Is the racing at Monaco really rubbish?,formula1
Leclerc crash not the only drama around intriguing Monaco,formula1
How the Monaco Grand Prix unfolded,formula1
F1 a billionaire boys' club - Hamilton,formula1
"Leclerc on Monaco pole despite crash, Hamilton seventh",formula1
Wing test delay 'incomprehensible',formula1
Norris signs new McLaren contract,formula1
Hamilton takes control as Mercedes' racing instinct comes to the fore,formula1
'Hamilton's 100th pole is more than just a number',formula1
'Out of an early mistake comes another Hamilton masterclass',formula1
Floyd verdict a new dawn - Hamilton,formula1
Stone cold classic launches Hamilton v Verstappen show,formula1
Tense and gripping - a prelude to what could be a classic season,formula1
Andrew Benson,formula1
The F1 champion crowned beyond the grave,formula1
The exceptional kid who conquered the world,formula1
Is F1 poised for a Mercedes-Red Bull battle in 2021?,formula1
Murray Walker - a legend with effervescent enthusiasm,formula1
Chequered Flag podcast: Spanish GP review,formula1
Chequered Flag podcast: Portuguese GP review,formula1
Highlights: Vandoorne wins exciting Formula E race in Rome,formula1
Highlights: Vergne wins Formula E race three in Rome,formula1
Alonso feels 'lucky' on F1 return,formula1
'The high-octane voice behind a high-octane sport' - Murray Walker dies at 97,formula1
'Murray Walker we adore you' - Formula 1 legend in his own words,formula1
Chequered Flag podcast: Spanish GP review,formula1
Chequered Flag podcast: Portuguese GP review,formula1
Highlights: Vandoorne wins exciting Formula E race in Rome,formula1
Highlights: Vergne wins Formula E race three in Rome,formula1
Alonso feels 'lucky' on F1 return,formula1
'The high-octane voice behind a high-octane sport' - Murray Walker dies at 97,formula1
'Murray Walker we adore you' - Formula 1 legend in his own words,formula1
Jennings ton gives Lancs big Roses lead,cricket
Amla's 173 puts Surrey in command against Gloucestershire,cricket
Essex on course to beat Durham,cricket
Will Vipers retain title? Your guide to the Rachael Heyhoe Flint Trophy,cricket
India's Rodrigues to play in The Hundred,cricket
Hameed has 'come back strong' to earn recall - Giles,cricket
Barnard helps Pears pile up runs,cricket
Zaib & Berg put Northants on top,cricket
Bangladesh v Sri Lanka - third ODI scorecard,cricket
Opener Hales 'ready' for England return,cricket
Archer ready to 'sit out summer' to be fit for T20 World Cup & Ashes,cricket
Hain & Rhodes lead way for Bears,cricket
Haynes hit 97 as Pears dominate Derbys,cricket
Simpson steadies Middlesex at Leics,cricket
"Mr X, Bitcoin and fleeing the country - inside cricket's fight against corruption ",cricket
'I can tell where the ball has been hit by listening to the stump mic' - cricket's first blind commentator,cricket
Damp return to live cricket but fans bowled over,cricket
Sport 2050: Cricket beneath the dome,cricket
"'I feel fantastic' - Broad on retirement, returning fans & Ashes preparations",cricket
Pick your England team for first Test versus New Zealand,cricket
"'Oh, but you always have a wedding?' Marrying South Asian culture with elite female sport",cricket
Future tour dates,cricket
Jonathan Agnew - analysis and opinion from the BBC's cricket correspondent,cricket
The Hundred 2021 - full squad lists,cricket
The Hundred 2021 - full fixture list,cricket
Live cricket coverage on the BBC,cricket
Tuffers & Vaughan podcast: Bracey and the fella with the chicken in the corner,cricket
TMS podcast: The one from a supermarket car park,cricket
Stumped podcast: Cricket's Jem-stone,cricket
Sportshour podcast: How could sport look in 2050?,cricket
"Tailenders podcast: Marnus, Joey and Anneka",cricket
TMS podcast: The IPL is postponed,cricket
England cricket team,cricket
Scotland cricket team,cricket
Ireland cricket team,cricket
Women's cricket,cricket
Live cricket coverage on the BBC,cricket
Tuffers & Vaughan podcast: Bracey and the fella with the chicken in the corner,cricket
TMS podcast: The one from a supermarket car park,cricket
Stumped podcast: Cricket's Jem-stone,cricket
Sportshour podcast: How could sport look in 2050?,cricket
"Tailenders podcast: Marnus, Joey and Anneka",cricket
TMS podcast: The IPL is postponed,cricket
More fans and night sessions - everything you need to know about the French Open,tennis
"Nadal, Djokovic & Federer in same half of French Open draw",tennis
A 'phenomenal error' or will Osaka's decision to not speak to media prompt change?,tennis
Britain's Dart misses out on French Open spot,tennis
The sides of Djokovic that shaped a champion,tennis
Osaka to avoid questions at French Open,tennis
5 Live Sport Specials: All About Djokovic,tennis
Jamie Murray criticises French Open prize cuts and hotel conditions,tennis
Dart one match away from French Open main draw,tennis
The man who took a 'scaredy cat' and built a 'raging bull',tennis
Suarez Navarro to return at French Open after cancer recovery,tennis
Can Osaka deliver on clay & grass to complete Grand Slam set?,tennis
British trio lose French Open qualifiers,tennis
'It's harder to deal with success than losing' - Swiatek on defending French Open title,tennis
Why GOAT debate is about more than numbers,tennis
Why is Rafael Nadal so good on clay?,tennis
The near-death experience still shaping a 'future champion',tennis
'I am just playing with a different set of cards' - GB's Jones on proving doubters wrong,tennis
Quiz: Can you name every Wimbledon men's champion?,tennis
Quiz: Can you name every Wimbledon women's champion,tennis
How well do you know Andy Murray?,tennis
Quiz: When tennis stars retire early,tennis
'I walk onto the tennis court in my Jordans and basketball shirt',tennis
'I got upset & lost my cool' - Djokovic shouts at umpire over playing conditions,tennis
Osaka 'not really sure' Olympics should happen,tennis
Best shots: Brilliant Boulter secures victory for Great Britain,tennis
Best shots as Watson win puts GB in control,tennis
Highlights: Evans beats Goffin to reach Monte Carlo semi,tennis
'That's a new one!' Hurkacz attends press conference with no questions,tennis
Tennis' 'most awkward' champion & the true power of her voice,tennis
'I'd go back and have all the fun again' - Sue Barker on 1976 French Open win,tennis
How Sampras defied injury to become 'the greatest',tennis
The 16-year-old set to rule the tennis world,tennis
The problem with celebrating tennis’ most successful player,tennis
The pioneering champion America forgot,tennis
From abusive childhood to inner peace: Pierce's tumultuous journey,tennis
'I walk onto the tennis court in my Jordans and basketball shirt',tennis
'I got upset & lost my cool' - Djokovic shouts at umpire over playing conditions,tennis
Osaka 'not really sure' Olympics should happen,tennis
Best shots: Brilliant Boulter secures victory for Great Britain,tennis
Best shots as Watson win puts GB in control,tennis
Highlights: Evans beats Goffin to reach Monte Carlo semi,tennis
'That's a new one!' Hurkacz attends press conference with no questions,tennis
Chelsea pair N'Golo Kante and Edouard Mendy have been passed fit to face Manchester City in Saturday's Champions League final.,football
"From Paris via Leicester, the parallel lives of Riyad Mahrez and N'Golo Kante explored before their Champions League final showdown.",football
Manchester United remain in talks with Jadon Sancho's representatives over a potential transfer this summer.,football
All the latest news and rumours as Manchester United remain in talks with Jadon Sancho’s representatives over a potential transfer this summer.,football
"Sky Sports' Paul Merson looks ahead to an intriguing climax to the club season, and says Chelsea must take their chances in order to beat Manchester City.",football
Real Madrid have signed David Alaba from Bayern Munich on a five-year contract.,football
Liverpool's pursuit of Ibrahima Konate is just the latest example of the Red Bull connection informing their recruitment.,football
WhoScored.com run through their 2020/21 Championship play-off final combined XI...,football
"Pep Guardiola says he is planning on staying at Manchester City for the long term because the club ""gives the manager everything he needs"".",football
James Rodriguez has been cut from the Colombia squad due to injury and the Everton playmaker will miss the Copa America and two World Cup qualifiers in June.,football
"Ronald Koeman's representatives have hit out at Barcelona and president Joan Laporta's apparent unwillingness to commit to the Dutchman, in a riddled social media post.",football
The users behind anonymous accounts that sent racist abuse to Premier League players have been identified and their details will be handed over to the police.,football
Ryan Giggs will go on trial at Manchester Crown Court next year accused of assaulting and coercively controlling his ex-girlfriend.,football
Assessing some extreme highs and lows through the field for F1's star names from the Monaco Grand Prix weekend.,f1
"Lewis Hamilton has said George Floyd's ""legacy will last forever"" and that work will continue to drive lasting change for racial equality.",f1
"Martin Brundle delivers his verdict on F1's return to Monte Carlo, Max Verstappen's triumph, and Charles Leclerc's home hurt.",f1
"A year on from the murder of George Floyd, we examine how F1 has addressed the problem of racial injustice and what steps are being taken to increase diversity within the sport.",f1
"What has changed in football, F1, cricket, rugby, boxing and horse racing since the murder of George Floyd 12 months ago?",f1
"Max Mosley, the former president of the FIA and a leading figure in the modern history of motorsport, has died aged 81.",f1
Dushmantha Chameera took 5-16 after Kusal Perera struck a century as Sri Lanka earned a consolation win over Bangladesh.,cricket
Naseem Shah has been allowed to enter the PSL bubble - days after he was removed from the tournament for a Covid breach.,cricket
"Jofra Archer has targeted a return to action in time for the T20 World Cup after ""career-defining"" elbow surgery.",cricket
Ashley Giles has suggested England could reassert their support for the Black Lives Matter movement this summer.,cricket
"Justine Henin says Naomi Osaka is the leader in women's tennis, but the four-time French Open champion questions whether Serena Williams still has the fire in her belly.",tennis
The Lawn Tennis Association saw its income take a major hit in 2020 and admitted this year could turn out to be even more challenging.,tennis
"Jamie Murray has launched an attack on the French Open for cutting doubles prize money, while also calling the official hotel an ""absolute toilet"".",tennis
"World No 1 Ashleigh Barty says she expects the Tokyo Olympics experience to be ""spine-tingling"" after memories of watching Cathy Freeman win gold for Australia in 2000.",tennis
